{
  "$schema": "./node_modules/nx/schemas/nx-schema.json",
  "npmScope": "ado-bcp-ui",
  "affected": {
    "defaultBase": "master"
  },
  "tasksRunnerOptions": {
    "default": {
      "runner": "@nrwl/nx-cloud",
      "options": {
        "cacheableOperations": ["build", "lint", "test", "e2e"],
        "accessToken": "ZGQ5NzlkODYtMTU2Zi00ZGM5LWFjNTUtOTVmMmI5YzhjNzhmfHJlYWQtd3JpdGU="
      }
    }
  },
  "targetDefaults": {
    "build": {
      "dependsOn": ["^build"]
    },
    "test": {
      "inputs": ["default", "^default", "{workspaceRoot}/jest.preset.js"]
    },
    "lint": {
      "inputs": ["default", "{workspaceRoot}/.eslintrc.json"]
    }
  },
  "generators": {
    "@nrwl/angular:application": {
      "style": "scss",
      "linter": "eslint",
      "unitTestRunner": "jest",
      "e2eTestRunner": "cypress"
    },
    "@nrwl/angular:library": {
      "linter": "eslint",
      "unitTestRunner": "jest"
    },
    "@nrwl/angular:component": {
      "style": "scss"
    }
  },
  "defaultProject": "ado-vault.login"
}
