{
  "notifications": [
    {
      "title": "Repo: <small>Branch details has been created successfully</small>",
      "subTitle": "Mark Peter 22-06-2022 15:03"
    },
    {
      "title": "Pipelines: <small>Task Group entity has been failed</small>",
      "subTitle": "Edvin Jefferson 22-06-2022 14:00"
    }
  ],
  "comments": [{ "id": 1, "body": "some comment", "postId": 1 }],
  "profile": { "name": "typicode" },
  "popupTitle": [
    { "title": "Repos", "contentElement": ["Branch", "Tags", "Pull Request"] },
    {
      "title": "Pipeline (Classic & YAML)",
      "contentElement": [
        "Variable Groups",
        "Task Group",
        "Release",
        "Pipeline Environments",
        "Deployment group"
      ]
    },
    { "title": "Builds", "contentElement": [""] },
    { "title": "Artifacts Selection", "contentElement": [""] },
    {
      "title": "Work Item",
      "contentElement": [
        "Epics",
        "Feature",
        "User Story",
        "Tasks",
        "Test Suites",
        "Issues",
        "Test Cases",
        "Test Plans",
        "Test Runs",
        "Test Configuration",
        "Shared Steps",
        "Shared Parameters",
        "Code Review Requests",
        "Code Responses",
        "Feedback Requests",
        "Feedback Responses"
      ]
    },
    {
      "title": "Service Connection",
      "contentElement": [""]
    },
    {
      "title": "Deployment Groups",
      "contentElement": [""]
    },
    {
      "title": "WIkIs",
      "contentElement": [""]
    },
    {
      "title": "Dashboards",
      "contentElement": [""]
    },
    {
      "title": "Work item – Queries",
      "contentElement": [""]
    },
    {
      "title": "Commits",
      "contentElement": [""]
    },
    {
      "title": "Shared Queries",
      "contentElement": [""]
    },
    {
      "title": "Plugins/extensions from Market place",
      "contentElement": [""]
    },
    {
      "title": "Boards",
      "contentElement": [""]
    },
    {
      "title": "Permission User & Groups",
      "contentElement": [""]
    }
  ],
  "menuElement": [
    {
      "routerLink": "/ado-vault.dashboard",
      "icon": "dashboard",
      "title": "Dashboard",
      "submenu": []
    },
    {
      "routerLink": "/ado-vault.backup",
      "icon": "view_agenda",
      "title": "Backup",
      "submenu": []
    },
    {
      "routerLink": "/ado-vault.restore",
      "icon": "restore",
      "title": "Restore",
      "submenu": []
    },
    {
      "routerLink": ".",
      "icon": "person",
      "title": "User Management",
      "submenu": []
    },
    {
      "routerLink": ".",
      "icon": "receipt",
      "title": "Reports",
      "submenu": [
        {
          "routerLink": "/ado-vault.backup",
          "icon": "Backup",
          "title": "Backup"
        }
      ]
    },
    {
      "routerLink": ".",
      "icon": "settings",
      "title": "Settings",
      "submenu": [
        {
          "routerLink": ".",
          "icon": "Role",
          "title": "Role"
        },
        {
          "routerLink": ".",
          "icon": "Entity",
          "title": "Entity"
        },
        {
          "routerLink": ".",
          "icon": "Storage",
          "title": "Storage"
        },
        {
          "routerLink": ".",
          "icon": "Integration",
          "title": "Integration"
        },
        {
          "routerLink": ".",
          "icon": "Notification",
          "title": "Notification"
        },
        {
          "routerLink": ".",
          "icon": "Company",
          "title": "Company"
        }
      ]
    }
  ],
  "titleData": [
    {
      "id": 1,
      "status": "Total Tasks",
      "BackupCount": 95,
      "RestoreCount": 82,
      "class": "total"
    },
    {
      "id": 2,
      "status": "Total Successful",
      "BackupCount": 25,
      "RestoreCount": 52,
      "class": "success"
    },
    {
      "id": 1,
      "status": "Total Running",
      "BackupCount": 15,
      "RestoreCount": 82,
      "class": "running"
    },
    {
      "id": 1,
      "status": "Total Failed",
      "BackupCount": 5,
      "RestoreCount": 2,
      "class": "failed"
    }
  ],
  "getBackupDetails": [
    {
      "Entity": "WorK Item <br> <small>UI-Design</small>",
      "Subentity": "Epics",
      "Initiated At": "22-06-2022 <br> <small class='time'>19:22</small>",
      "Completed At": "22-06-2022 <br> <small class='time'>19:32</small>",
      "Status": "<span class='text-warning'>Running</span>",
      "Action": ""
    },
    {
      "Entity": "Repo <br> <small>ADO-BCP-API</small>",
      "Subentity": "Branch",
      "Initiated At": "22-06-2022 <br> <small class='time'>15:05</small>",
      "Completed At": "22-06-2022 <br> <small class='time'>15:20</small>",
      "Status": "<span class='text-success'>Successful</span>",
      "Action": ""
    },
    {
      "Entity": "Pipeline <br> <small>Database Pipeline</small>",
      "Subentity": "Task Group",
      "Initiated At": "22-06-2022 <br> <small class='time'>14:00</small>",
      "Completed At": "22-06-2022 <br> <small class='time'>14:10</small>",
      "Status": "<span class='text-danger'>Failed</span>",
      "Action": ""
    }
  ],
  "getRestoreDetails": [
    {
      "Entity": "Restore WorK Item <br> <small>UI-Design</small>",
      "Subentity": "Epics",
      "Initiated At": "22-06-2022 <br> <small class='time'>19:22</small>",
      "Completed At": "22-06-2022 <br> <small class='time'>19:32</small>",
      "Status": "<span class='text-warning'>Running</span>",
      "Action": ""
    },
    {
      "Entity": "Restore Repo <br> <small>ADO-BCP-API</small>",
      "Subentity": "Branch",
      "Initiated At": "22-06-2022 <br> <small class='time'>15:05</small>",
      "Completed At": "22-06-2022 <br> <small class='time'>15:20</small>",
      "Status": "<span class='text-success'>Successful</span>",
      "Action": ""
    },
    {
      "Entity": " Restore Pipeline <br> <small>Database Pipeline</small>",
      "Subentity": "Task Group",
      "Initiated At": "22-06-2022 <br> <small class='time'>14:00</small>",
      "Completed At": "22-06-2022 <br> <small class='time'>14:10</small>",
      "Status": "<span class='text-danger'>Failed</span>",
      "Action": ""
    }
  ],
  "ddlProjectData": [
    {
      "projectid": 1,
      "projectname": "Adovault",
      "organizationname": "clarksons",
      "criticality": "high",
      "isative": 1,
      "entitySettingsDetails": [],
      "entityTransactionDetails": []
    },
    {
      "projectid": 2,
      "projectname": "ODS",
      "organizationname": "clarksons",
      "criticality": "high",
      "isative": 1,
      "entitySettingsDetails": [],
      "entityTransactionDetails": []
    }
  ],
  "ddlPeriodData": [
    {
      "key": "Last 24 Hours",
      "value": "option1"
    },
    {
      "key": "30 Days",
      "value": "option2"
    },
    {
      "key": "60 Days",
      "value": "option3"
    },
    {
      "key": "90 Days",
      "value": "option4"
    },
    {
      "key": "All",
      "value": "option5"
    }
  ],

  "ddlEntityData": [
    {
      "id": 0,
      "name": "select"
    },
    {
      "id": 1,
      "name": "Repo"
    },
    {
      "id": 2,
      "name": "wiki"
    },
    {
      "id": 5,
      "name": "repo"
    },
    {
      "id": 6,
      "name": "wiki"
    },
    {
      "id": 10,
      "name": "repository"
    }
  ],

  "ddlRepositoryData": [
    {
      "key": "ADO-BCP-API",
      "value": "option1"
    },
    {
      "key": "ADO-BCP-Client",
      "value": "option2"
    },
    {
      "key": "Quarts-Schdeduler-BCP",
      "value": "option3"
    }
  ],
  "ddlRepoSubentityData": [
    {
      "subentityid": 0,
      "entityid": 0,
      "name": "Pullreq",
      "order": 0,
      "parentid": 0
    },
    {
      "subentityid": 6,
      "entityid": 2,
      "name": "push",
      "order": 0,
      "parentid": 0
    },
    {
      "subentityid": 10,
      "entityid": 10,
      "name": "branch",
      "order": 1,
      "parentid": 0
    },
    {
      "subentityid": 11,
      "entityid": 10,
      "name": "tags",
      "order": 2,
      "parentid": 0
    },
    {
      "subentityid": 12,
      "entityid": 10,
      "name": "pullrequest",
      "order": 3,
      "parentid": 0
    }
  ],
  "ddlWorkitemSubentityData": [
    {
      "key": "Epics",
      "value": "option1"
    },
    {
      "key": "Feature",
      "value": "option2"
    },
    {
      "key": "User Story",
      "value": "option3"
    },
    {
      "key": "Tasks",
      "value": "option3"
    },
    {
      "key": "Test Suites",
      "value": "option3"
    },
    {
      "key": "Issues",
      "value": "option3"
    },
    {
      "key": "Test Cases",
      "value": "option3"
    },
    {
      "key": "Test Plans",
      "value": "option3"
    }
  ],
  "ddlEveryData": [
    {
      "key": "Daily",
      "value": "daily"
    },
    {
      "key": "Weekly",
      "value": "weekly"
    },
    {
      "key": "Monthly",
      "value": "monthly"
    }
  ],
  "ddlHourData": [
    {
      "key": "--",
      "value": "option0"
    },
    {
      "key": "01",
      "value": "option1"
    },
    {
      "key": "02",
      "value": "option2"
    },
    {
      "key": "03",
      "value": "option3"
    },
    {
      "key": "04",
      "value": "option4"
    },
    {
      "key": "05",
      "value": "option5"
    },
    {
      "key": "06",
      "value": "option6"
    }
  ],
  "ddlMinuteData": [
    {
      "key": "--",
      "value": "option0"
    },
    {
      "key": "00",
      "value": "option1"
    },
    {
      "key": "05",
      "value": "option2"
    },
    {
      "key": "10",
      "value": "option3"
    },
    {
      "key": "15",
      "value": "option4"
    },
    {
      "key": "20",
      "value": "option5"
    },
    {
      "key": "25",
      "value": "option6"
    }
  ],
  "ddlNoonData": [
    {
      "key": "--",
      "value": "option0"
    },
    {
      "key": "AM",
      "value": "option1"
    },
    {
      "key": "PM",
      "value": "option2"
    }
  ],

  "ddlDaysData": [
    {
      "key": "S",
      "value": "0"
    },
    {
      "key": "M",
      "value": "1"
    },
    {
      "key": "T",
      "value": "2"
    },
    {
      "key": "W",
      "value": "3"
    },
    {
      "key": "T",
      "value": "4"
    },
    {
      "key": "F",
      "value": "5"
    },
    {
      "key": "S",
      "value": "6"
    }
  ],

  "labelData": [
    {
      "key": "Entity"
    },
    {
      "key": "Repository"
    }
  ],

  "ddlButtonData": [
    {
      "key": "Ok",
      "value": "option1"
    },
    {
      "key": "Cancel",
      "value": "option2"
    }
  ],
  "restoreDetailsa": [
    {
      "onDemand": [
        {
          "Entity": "Restore WorK Item <br> <small>UI-Design</small>",
          "Subentity": "Epics",
          "Initiated At": "22-06-2022 <br> <small class='time'>19:22</small>",
          "Completed At": "22-06-2022 <br> <small class='time'>19:32</small>",
          "Status": "<span class='text-warning'>Running</span>",
          "Action": ""
        },
        {
          "Entity": "Restore Repo <br> <small>ADO-BCP-API</small>",
          "Subentity": "Branch",
          "Initiated At": "22-06-2022 <br> <small class='time'>15:05</small>",
          "Completed At": "22-06-2022 <br> <small class='time'>15:20</small>",
          "Status": "<span class='text-success'>Successful</span>",
          "Action": ""
        },
        {
          "Entity": " Restore Pipeline <br> <small>Database Pipeline</small>",
          "Subentity": "Task Group",
          "Initiated At": "22-06-2022 <br> <small class='time'>14:00</small>",
          "Completed At": "22-06-2022 <br> <small class='time'>14:10</small>",
          "Status": "<span class='text-danger'>Failed</span>",
          "Action": ""
        }
      ]
    },
    {
      "schedule": [
        {
          "Entity": "Schedule WorK Item <br> <small>UI-Design</small>",
          "Subentity": "Epics",
          "Initiated At": "22-06-2022 <br> <small class='time'>19:22</small>",
          "Completed At": "22-06-2022 <br> <small class='time'>19:32</small>",
          "Status": "<span class='text-warning'>Running</span>",
          "Action": ""
        },
        {
          "Entity": "Schedule Repo <br> <small>ADO-BCP-API</small>",
          "Subentity": "Branch",
          "Initiated At": "22-06-2022 <br> <small class='time'>15:05</small>",
          "Completed At": "22-06-2022 <br> <small class='time'>15:20</small>",
          "Status": "<span class='text-success'>Successful</span>",
          "Action": ""
        },
        {
          "Entity": " Restore Pipeline <br> <small>Database Pipeline</small>",
          "Subentity": "Task Group",
          "Initiated At": "22-06-2022 <br> <small class='time'>14:00</small>",
          "Completed At": "22-06-2022 <br> <small class='time'>14:10</small>",
          "Status": "<span class='text-danger'>Failed</span>",
          "Action": ""
        }
      ]
    }
  ],

  "getBackupDetailsCopy": [
    {
      "Entity": "WorK Item-Copy <br> <small>UI-Design</small>",
      "Subentity": "Epics_Copy",
      "Initiated At": "22-06-2022 <br> <small class='time'>19:22</small>",
      "Completed At": "22-06-2022 <br> <small class='time'>19:32</small>",
      "Status": "<span class='text-warning'>Running</span>",
      "Action": ""
    },
    {
      "Entity": "Repo-Copy <br> <small>ADO-BCP-API</small>",
      "Subentity": "Branch_Copy",
      "Initiated At": "22-06-2022 <br> <small class='time'>15:05</small>",
      "Completed At": "22-06-2022 <br> <small class='time'>15:20</small>",
      "Status": "<span class='text-success'>Successful</span>",
      "Action": ""
    },
    {
      "Entity": "Pipeline_Copy <br> <small>Database Pipeline</small>",
      "Subentity": "Task Group",
      "Initiated At": "22-06-2022 <br> <small class='time'>14:00</small>",
      "Completed At": "22-06-2022 <br> <small class='time'>14:10</small>",
      "Status": "<span class='text-danger'>Failed</span>",
      "Action": ""
    }
  ],
  "getRestoreDetailsCopy": [
    {
      "Entity": "WorK Item-Copy <br> <small>UI-Design</small>",
      "Subentity": "Epics_Restore_Copy",
      "Initiated At": "22-06-2022 <br> <small class='time'>19:22</small>",
      "Completed At": "22-06-2022 <br> <small class='time'>19:32</small>",
      "Status": "<span class='text-warning'>Running</span>",
      "Action": ""
    },
    {
      "Entity": "Repo-Copy <br> <small>ADO-BCP-API</small>",
      "Subentity": "Branch_Restore_Copy",
      "Initiated At": "22-06-2022 <br> <small class='time'>15:05</small>",
      "Completed At": "22-06-2022 <br> <small class='time'>15:20</small>",
      "Status": "<span class='text-success'>Successful</span>",
      "Action": ""
    },
    {
      "Entity": "Pipeline_Copy <br> <small>Database Pipeline</small>",
      "Subentity": "Task Group",
      "Initiated At": "22-06-2022 <br> <small class='time'>14:00</small>",
      "Completed At": "22-06-2022 <br> <small class='time'>14:10</small>",
      "Status": "<span class='text-danger'>Failed</span>",
      "Action": ""
    }
  ],
  "titleDataProjectCopy": [
    {
      "id": 1,
      "status": "Total Tasks",
      "BackupCount": 89,
      "RestoreCount": 82,
      "class": "total"
    },
    {
      "id": 2,
      "status": "Total Successful",
      "BackupCount": 15,
      "RestoreCount": 52,
      "class": "success"
    },
    {
      "id": 1,
      "status": "Total Running",
      "BackupCount": 85,
      "RestoreCount": 82,
      "class": "running"
    },
    {
      "id": 1,
      "status": "Total Failed",
      "BackupCount": 25,
      "RestoreCount": 2,
      "class": "failed"
    }
  ],
  "titleDataProject2": [
    {
      "id": 1,
      "status": "Total Tasks",
      "BackupCount": 30,
      "RestoreCount": 82,
      "class": "total"
    },
    {
      "id": 2,
      "status": "Total Successful",
      "BackupCount": 40,
      "RestoreCount": 52,
      "class": "success"
    },
    {
      "id": 1,
      "status": "Total Running",
      "BackupCount": 55,
      "RestoreCount": 82,
      "class": "running"
    },
    {
      "id": 1,
      "status": "Total Failed",
      "BackupCount": 85,
      "RestoreCount": 12,
      "class": "failed"
    }
  ]
}
